sqft,bedrooms,bathrooms,age,location,price
2570,3,2,11,Downtown Luxury,941867.9
797,4,3,19,Rural Outskirts,166203.8
2269,2,4,29,Urban Central,642475.26
3226,5,4,2,Downtown Luxury,1265208.2
3038,1,3,27,Downtown Luxury,1027969.1
1802,2,1,25,Rural Outskirts,251294.21
3201,5,1,29,Urban Central,870703.26
2071,2,1,12,Urban Central,547519.55
4171,4,2,12,Downtown Luxury,1471366.86
3686,4,2,1,Suburban Area,760461.14
2246,4,4,1,Downtown Luxury,938206.57
2292,1,1,25,Downtown Luxury,738561.74
1912,4,3,10,Downtown Luxury,772112.44
2635,5,4,7,Downtown Luxury,1063920.09
1077,2,3,21,Rural Outskirts,186861.89
1854,3,4,19,Urban Central,606574.82
1522,5,2,7,Rural Outskirts,241269.67
1019,5,4,28,Rural Outskirts,214133.31
2804,4,2,25,Rural Outskirts,385255.33
3197,1,4,29,Downtown Luxury,1130791.78
4112,2,1,16,Suburban Area,779882.57
1720,1,3,19,Urban Central,492179.08
3668,2,1,15,Suburban Area,680304.7
3644,2,4,6,Rural Outskirts,530916.97
4082,1,4,15,Rural Outskirts,547212.57
1550,5,4,26,Suburban Area,393564.74
2936,2,2,22,Suburban Area,563793.71
1877,1,3,23,Suburban Area,369326.99
2843,2,3,8,Rural Outskirts,398847.99
3245,3,4,34,Rural Outskirts,439308.45
2457,5,4,19,Urban Central,765609.93
4193,4,2,16,Urban Central,1144187.55
1116,2,1,30,Rural Outskirts,132080.48
2258,3,1,7,Suburban Area,451494.42
2465,4,3,14,Suburban Area,534575.01
3512,4,2,30,Urban Central,949662.33
1741,2,4,29,Rural Outskirts,270158.71
3453,1,3,19,Urban Central,920950.32
2532,2,2,11,Urban Central,715624.59
3830,3,1,16,Downtown Luxury,1305021.78
1414,4,2,29,Downtown Luxury,565239.09
2875,2,1,28,Downtown Luxury,975590.61
2500,1,2,18,Suburban Area,470757.08
2863,2,3,10,Rural Outskirts,401789.23
3595,5,1,33,Rural Outskirts,476895.09
4367,1,3,6,Rural Outskirts,598550.43
2662,3,3,33,Rural Outskirts,386603.64
3828,4,1,19,Downtown Luxury,1310198.3
4319,2,1,23,Suburban Area,796394.93
3932,1,4,9,Suburban Area,779328.87
3828,5,4,31,Downtown Luxury,1418329.31
2694,1,4,14,Suburban Area,570233.49
2971,5,3,19,Downtown Luxury,1123880.06
3491,3,3,2,Rural Outskirts,481147.59
4356,4,4,7,Downtown Luxury,1621150.82
729,3,3,22,Rural Outskirts,126381.54
4082,2,3,10,Rural Outskirts,558814.61
694,1,1,7,Urban Central,214572.37
3274,5,1,28,Downtown Luxury,1144264.74
3402,5,3,29,Urban Central,966963.36
2555,1,4,9,Downtown Luxury,952669.42
3963,1,2,27,Downtown Luxury,1277293.27
1393,2,4,12,Urban Central,473655.85
2434,3,2,31,Urban Central,659052.58
3954,5,4,25,Downtown Luxury,1482856.04
2716,2,1,21,Suburban Area,510456.34
2283,3,3,3,Rural Outskirts,341644.5
610,2,3,30,Urban Central,225322.44
3925,5,1,17,Rural Outskirts,548683.55
2465,1,2,23,Suburban Area,461471.62
3519,1,2,22,Suburban Area,669343.74
3197,3,2,21,Suburban Area,615596.3
3805,4,1,1,Urban Central,1051495.77
1311,3,2,30,Suburban Area,278836.9
2670,4,1,10,Urban Central,757857.38
1414,2,4,27,Suburban Area,325578.26
945,2,4,31,Rural Outskirts,156238.11
2949,5,1,4,Rural Outskirts,435938.37
962,4,3,9,Downtown Luxury,474354.87
3043,5,4,23,Rural Outskirts,449669.67
2865,1,2,34,Downtown Luxury,934567.94
2788,4,1,22,Rural Outskirts,402287.86
4287,3,2,16,Urban Central,1145340.2
3605,1,2,0,Rural Outskirts,503329.62
3881,1,3,30,Downtown Luxury,1297818.4
1584,3,2,30,Downtown Luxury,583870.87
3640,1,3,33,Suburban Area,685165.0
4294,4,4,8,Urban Central,1256102.72
2239,5,1,21,Rural Outskirts,311221.18
1427,1,2,12,Suburban Area,279292.03
3330,4,1,24,Rural Outskirts,444221.88
4131,2,2,17,Rural Outskirts,568203.62
3651,4,1,11,Suburban Area,699370.1
955,5,2,16,Suburban Area,217639.0
3655,4,2,14,Suburban Area,725817.21
1947,3,2,14,Suburban Area,417054.28
3804,5,2,14,Suburban Area,751754.33
3535,2,2,12,Rural Outskirts,487505.19
4476,3,2,16,Suburban Area,846049.07
2463,4,2,31,Urban Central,684437.3
726,5,2,8,Downtown Luxury,399776.19
3777,2,2,19,Suburban Area,702810.42
3656,3,1,25,Suburban Area,684258.16
1203,2,3,26,Rural Outskirts,198917.68
4470,4,2,20,Suburban Area,870287.21
4049,2,3,17,Suburban Area,777772.49
2528,1,2,12,Suburban Area,506864.62
1613,3,2,15,Rural Outskirts,248938.71
650,2,1,8,Suburban Area,127074.62
3700,4,4,11,Downtown Luxury,1401410.92
4133,4,4,18,Rural Outskirts,582781.51
3967,2,1,6,Downtown Luxury,1350306.76
3968,4,3,34,Rural Outskirts,554904.05
4397,5,4,17,Suburban Area,896464.74
3426,5,1,15,Downtown Luxury,1198276.89
2030,5,1,3,Rural Outskirts,325926.54
2392,1,4,24,Urban Central,694039.0
3461,2,3,31,Suburban Area,662732.93
2236,1,1,12,Rural Outskirts,302897.06
4076,4,2,16,Urban Central,1113439.36
4017,1,3,5,Rural Outskirts,549305.64
2245,4,3,18,Urban Central,676568.54
3067,4,4,12,Suburban Area,653712.67
1805,3,4,25,Downtown Luxury,729531.63
3630,5,2,13,Urban Central,1012821.85
3472,4,1,30,Rural Outskirts,455453.03
3672,3,4,3,Suburban Area,769133.75
2454,5,4,7,Urban Central,813505.21
1166,4,3,24,Rural Outskirts,184145.59
3018,4,4,12,Rural Outskirts,460434.64
1535,1,4,31,Rural Outskirts,233731.79
2534,1,4,27,Urban Central,688287.38
3308,5,4,29,Urban Central,974622.38
4102,4,3,2,Urban Central,1183707.42
3616,2,2,27,Downtown Luxury,1228327.83
1932,1,2,2,Urban Central,549696.87
3808,5,1,33,Urban Central,1017374.88
801,4,4,15,Urban Central,346690.14
4107,4,3,21,Downtown Luxury,1448634.51
2960,2,1,31,Urban Central,754959.84
716,5,1,7,Rural Outskirts,134531.16
4337,4,2,7,Urban Central,1190306.13
1536,1,3,5,Rural Outskirts,265355.64
4474,2,3,13,Rural Outskirts,622435.39
1174,5,3,31,Rural Outskirts,187881.94
2891,2,2,34,Downtown Luxury,975403.63
1136,1,2,9,Downtown Luxury,452520.3
2225,5,2,2,Downtown Luxury,871425.61
2722,2,2,11,Urban Central,752387.8
4477,3,2,30,Rural Outskirts,590790.87
985,1,4,28,Downtown Luxury,394566.09
3881,1,4,4,Downtown Luxury,1404558.6
1074,1,3,24,Urban Central,336122.96
1017,3,1,30,Downtown Luxury,380004.57
2994,3,3,20,Urban Central,843895.63
4200,4,1,19,Suburban Area,829219.74
3287,2,2,21,Downtown Luxury,1102932.4
1538,4,1,3,Suburban Area,343514.6
1554,2,3,12,Urban Central,463700.47
1475,3,3,19,Rural Outskirts,233972.19
1362,3,1,12,Downtown Luxury,506305.12
1802,4,4,16,Urban Central,601306.53
1805,5,2,32,Rural Outskirts,266227.43
1263,4,2,0,Rural Outskirts,208026.19
624,2,3,14,Suburban Area,164396.51
2590,4,4,12,Urban Central,823709.51
1803,1,1,16,Rural Outskirts,240060.28
1309,2,2,23,Downtown Luxury,462010.46
4172,2,4,7,Downtown Luxury,1516017.45
2479,5,2,26,Suburban Area,508683.88
1784,3,4,22,Rural Outskirts,281959.21
2824,2,4,7,Urban Central,844126.66
884,3,3,7,Downtown Luxury,447494.73
662,4,2,25,Rural Outskirts,110906.25
1602,1,1,12,Rural Outskirts,212415.1
1261,5,3,27,Suburban Area,302026.67
3313,3,3,24,Downtown Luxury,1190734.35
2803,2,1,15,Downtown Luxury,948584.35
2092,3,3,1,Urban Central,651855.02
3720,2,4,17,Downtown Luxury,1338116.68
1566,3,4,16,Urban Central,517678.57
1448,2,2,29,Downtown Luxury,534967.81
1707,4,2,12,Suburban Area,405549.19
4032,2,1,31,Downtown Luxury,1319533.11
1288,2,2,28,Urban Central,360336.36
747,1,4,29,Urban Central,237976.36
4301,2,1,17,Suburban Area,786654.98
941,1,1,12,Downtown Luxury,331443.17
3123,5,2,20,Downtown Luxury,1132871.24
1686,1,4,29,Suburban Area,345361.19
2324,4,1,20,Downtown Luxury,847480.67
1983,1,4,16,Downtown Luxury,759477.49
3208,5,4,18,Urban Central,964394.54
926,4,4,14,Downtown Luxury,477693.71
2392,3,2,8,Downtown Luxury,901458.54
2359,3,3,9,Suburban Area,501269.06
3812,1,3,30,Suburban Area,709909.64
1589,1,1,22,Rural Outskirts,183764.99
2862,5,4,29,Urban Central,856570.78
3082,5,2,32,Downtown Luxury,1095623.3
1551,2,4,8,Downtown Luxury,678258.96
1322,5,4,0,Rural Outskirts,281098.78
3989,2,2,34,Downtown Luxury,1312172.63
2679,4,3,10,Urban Central,787642.16
3317,1,4,33,Rural Outskirts,445706.16
2932,4,4,15,Urban Central,871871.55
3976,5,3,8,Rural Outskirts,576665.0
1028,4,2,31,Rural Outskirts,158368.52
2100,4,1,14,Suburban Area,430566.39
885,4,3,11,Urban Central,359533.12
3815,5,1,32,Downtown Luxury,1294569.34
4095,4,1,13,Downtown Luxury,1429442.53
3690,2,3,7,Urban Central,1018576.17
2665,5,4,7,Downtown Luxury,1111721.79
1368,4,1,26,Downtown Luxury,525323.71
3237,5,1,11,Urban Central,905087.04
1994,3,2,0,Rural Outskirts,290081.0
3846,2,4,10,Urban Central,1072933.61
3657,4,1,30,Rural Outskirts,492265.54
793,3,2,16,Downtown Luxury,351607.17
3149,3,4,32,Downtown Luxury,1156678.4
1587,5,3,31,Downtown Luxury,678878.75
1736,3,3,28,Suburban Area,359635.4
2761,2,2,20,Rural Outskirts,358324.34
3893,2,3,20,Suburban Area,757050.72
2301,1,1,22,Suburban Area,431517.12
1546,2,4,5,Urban Central,504306.48
1430,3,1,21,Suburban Area,286615.5
4315,2,1,7,Urban Central,1150860.52
2520,5,3,34,Urban Central,717925.47
3935,1,1,10,Suburban Area,729123.82
3572,3,3,23,Rural Outskirts,487270.76
654,1,4,20,Rural Outskirts,125893.88
4314,3,4,1,Rural Outskirts,626841.41
1399,5,1,18,Rural Outskirts,218403.7
1377,1,2,27,Rural Outskirts,172299.33
2081,4,3,16,Suburban Area,451365.05
2501,3,3,5,Suburban Area,551299.12
2809,4,1,18,Downtown Luxury,993983.19
4051,1,3,27,Rural Outskirts,544029.83
2734,4,3,1,Suburban Area,595923.54
654,4,2,3,Downtown Luxury,366325.39
4147,1,2,21,Rural Outskirts,533728.25
2423,5,1,25,Urban Central,668585.86
1801,4,2,12,Downtown Luxury,717968.37
4062,4,1,31,Suburban Area,773488.49
4020,5,4,16,Urban Central,1159988.62
3679,4,1,18,Urban Central,982356.66
1432,4,4,34,Urban Central,469785.28
912,4,1,27,Downtown Luxury,375405.9
3406,2,3,0,Suburban Area,697837.63
2458,5,2,17,Urban Central,709366.96
2607,4,4,32,Rural Outskirts,384486.21
2606,5,1,11,Urban Central,744481.45
3090,3,2,7,Urban Central,853640.77
2390,3,1,23,Downtown Luxury,820622.5
927,4,2,15,Downtown Luxury,415667.55
3725,5,2,3,Suburban Area,758560.41
3408,5,1,26,Rural Outskirts,457279.42
3910,5,4,8,Downtown Luxury,1504816.72
3900,2,4,15,Urban Central,1087635.56
3226,3,3,11,Suburban Area,658076.05
3722,5,2,30,Urban Central,1021238.82
4280,5,3,23,Urban Central,1193459.8
4275,2,3,13,Downtown Luxury,1498374.06
3654,2,1,24,Suburban Area,671704.21
1887,5,1,33,Rural Outskirts,265599.08
4089,1,1,2,Rural Outskirts,524223.2
4474,5,2,23,Downtown Luxury,1570222.51
2743,5,1,8,Downtown Luxury,1020975.86
1711,2,1,25,Suburban Area,317822.2
3749,2,2,19,Rural Outskirts,500355.38
1911,5,2,9,Rural Outskirts,302430.44
3791,5,4,18,Rural Outskirts,559954.74
3461,5,1,2,Urban Central,984715.81
3138,2,1,23,Rural Outskirts,403378.19
1051,5,1,4,Urban Central,356395.98
2123,5,4,2,Suburban Area,497115.42
764,4,1,26,Urban Central,253460.24
781,1,4,15,Suburban Area,215823.01
3116,3,3,14,Rural Outskirts,451648.38
1509,1,4,34,Rural Outskirts,230108.44
3382,4,3,11,Suburban Area,695621.33
1422,3,1,25,Downtown Luxury,496429.48
1543,5,3,33,Suburban Area,340375.11
2601,4,4,22,Downtown Luxury,998131.8
2654,5,2,30,Urban Central,767353.9
929,2,3,19,Urban Central,305470.26
1374,4,3,11,Urban Central,483226.31
4344,2,1,22,Rural Outskirts,556021.37
2798,4,4,3,Urban Central,859941.11
3756,4,3,22,Downtown Luxury,1339891.62
746,2,3,0,Urban Central,290134.15
4295,3,3,24,Suburban Area,851318.87
4052,1,3,1,Suburban Area,781149.48
1514,5,2,29,Rural Outskirts,259004.96
2171,4,4,2,Suburban Area,498292.71
1908,5,1,20,Downtown Luxury,724391.4
3347,2,1,24,Urban Central,860180.98
681,5,2,19,Rural Outskirts,133199.29
1113,2,4,21,Urban Central,364338.95
2520,5,3,20,Urban Central,759859.28
3462,1,2,32,Downtown Luxury,1125068.57
3356,1,4,14,Suburban Area,651101.07
2539,1,3,14,Suburban Area,507655.18
4194,1,2,24,Urban Central,1076142.92
1345,1,4,20,Rural Outskirts,231682.18
3670,1,1,23,Suburban Area,675000.26
2009,2,1,4,Rural Outskirts,299543.19
1306,4,4,5,Suburban Area,340909.41
1070,5,1,22,Rural Outskirts,172573.65
3790,1,4,3,Downtown Luxury,1341231.95
995,2,3,26,Rural Outskirts,154748.37
2155,2,4,17,Downtown Luxury,835481.98
2908,2,3,20,Downtown Luxury,1041240.58
1404,4,2,27,Rural Outskirts,212515.58
1533,5,4,34,Downtown Luxury,661651.11
1879,4,2,21,Urban Central,523269.09
2357,3,1,22,Downtown Luxury,816422.66
1504,2,3,2,Suburban Area,352121.28
3897,3,4,9,Rural Outskirts,575118.3
1676,1,2,24,Urban Central,453656.86
3587,1,3,7,Rural Outskirts,490713.16
2490,4,3,10,Suburban Area,551459.3
2123,5,1,4,Suburban Area,427051.99
4177,3,1,28,Suburban Area,766080.62
3501,5,3,4,Downtown Luxury,1321694.28
1987,4,3,8,Downtown Luxury,809693.74
1903,1,4,1,Rural Outskirts,271353.69
1192,5,3,0,Rural Outskirts,245827.63
3361,5,4,29,Urban Central,980054.28
3829,1,3,10,Urban Central,1044333.56
3279,3,1,27,Rural Outskirts,430951.09
2706,1,4,11,Downtown Luxury,1019333.88
4398,5,2,25,Suburban Area,835296.6
727,3,1,12,Rural Outskirts,120669.85
1335,3,4,7,Urban Central,489614.14
3368,1,4,27,Downtown Luxury,1182936.16
3786,5,2,29,Rural Outskirts,508460.77
3880,4,4,8,Rural Outskirts,558913.32
3173,5,3,30,Downtown Luxury,1163736.7
1120,2,2,20,Rural Outskirts,157667.4
3199,4,1,33,Downtown Luxury,1082162.27
836,3,1,30,Suburban Area,186578.97
1904,4,3,24,Downtown Luxury,741487.62
4030,3,1,11,Downtown Luxury,1373307.91
3872,3,4,0,Downtown Luxury,1454445.37
2381,4,4,21,Rural Outskirts,364268.16
1901,3,3,0,Rural Outskirts,286575.78
3906,3,1,0,Downtown Luxury,1362009.74
3141,2,1,20,Rural Outskirts,407179.3
2651,5,3,14,Urban Central,815840.14
3313,5,2,16,Urban Central,930730.17
1041,2,1,21,Rural Outskirts,154713.83
2676,4,2,34,Rural Outskirts,366242.03
3780,1,1,15,Downtown Luxury,1233024.7
3257,1,1,7,Suburban Area,592154.66
4398,1,1,16,Rural Outskirts,584920.66
1404,2,1,16,Urban Central,383809.01
674,2,4,25,Downtown Luxury,348414.05
3485,3,2,12,Rural Outskirts,458932.57
3817,1,2,16,Urban Central,1033856.34
2775,4,1,16,Urban Central,775538.94
2689,4,1,13,Suburban Area,531354.72
1979,1,2,5,Downtown Luxury,713122.01
640,1,4,34,Downtown Luxury,293935.18
3581,1,3,13,Suburban Area,703106.18
2681,2,3,7,Suburban Area,554370.35
3688,2,2,14,Downtown Luxury,1272802.55
2300,2,1,26,Downtown Luxury,771372.81
3824,5,1,12,Rural Outskirts,505443.56
3645,4,4,30,Rural Outskirts,513614.7
2001,4,3,34,Suburban Area,401617.63
1187,3,4,5,Rural Outskirts,228217.11
2222,2,3,4,Urban Central,654314.23
4300,5,2,21,Rural Outskirts,572501.06
941,5,3,22,Rural Outskirts,170360.56
2674,4,4,24,Urban Central,803320.27
4496,2,4,33,Suburban Area,863217.26
3958,3,4,25,Urban Central,1092538.12
1245,2,2,4,Rural Outskirts,175051.58
1330,1,3,25,Suburban Area,276287.19
767,2,3,19,Rural Outskirts,128312.78
1209,1,4,5,Urban Central,410771.03
2915,1,3,5,Urban Central,816663.78
2372,3,1,17,Rural Outskirts,327552.79
2640,4,1,3,Downtown Luxury,977843.36
3468,2,1,16,Downtown Luxury,1166430.11
1054,1,3,13,Urban Central,332322.45
3553,2,2,13,Urban Central,957813.16
2308,4,2,12,Downtown Luxury,869001.16
4072,4,2,6,Downtown Luxury,1437857.36
3569,5,2,14,Rural Outskirts,518237.35
3628,4,1,18,Rural Outskirts,499049.27
4147,3,1,34,Downtown Luxury,1391248.01
1301,1,4,16,Rural Outskirts,236651.99
3281,5,3,34,Rural Outskirts,450533.76
4229,3,3,18,Suburban Area,825595.2
2199,2,2,19,Rural Outskirts,333252.48
729,1,1,34,Urban Central,168101.39
3667,4,2,31,Rural Outskirts,497732.53
2445,1,4,23,Rural Outskirts,329296.44
1986,2,3,16,Downtown Luxury,751107.46
4376,5,3,6,Urban Central,1275455.28
3466,5,2,0,Rural Outskirts,519355.51
1292,5,4,34,Rural Outskirts,219312.18
3963,4,3,31,Suburban Area,773384.2
1994,3,4,12,Rural Outskirts,303193.2
1393,3,4,5,Rural Outskirts,236704.04
628,1,2,13,Suburban Area,122517.46
748,4,1,14,Downtown Luxury,329894.16
4450,5,2,3,Rural Outskirts,643501.33
1919,5,1,15,Suburban Area,409685.18
2658,2,4,27,Urban Central,775250.87
4183,2,1,15,Downtown Luxury,1411370.99
3323,5,4,3,Urban Central,1010594.3
1736,5,3,25,Urban Central,545957.92
786,4,3,27,Suburban Area,202425.79
3454,3,3,31,Rural Outskirts,451559.26
3391,2,2,1,Suburban Area,669567.96
1850,3,2,30,Suburban Area,334146.43
1933,4,4,2,Suburban Area,472636.99
697,5,3,7,Suburban Area,231922.57
654,3,2,23,Downtown Luxury,297473.28
3270,5,3,14,Rural Outskirts,492744.2
3311,5,2,30,Urban Central,920757.54
1357,1,1,8,Urban Central,390102.86
1005,3,1,1,Rural Outskirts,171053.35
2716,3,3,7,Urban Central,789586.48
3983,5,4,6,Rural Outskirts,586365.47
1912,4,2,15,Urban Central,547088.51
2385,1,2,34,Suburban Area,425673.71
4219,5,1,29,Urban Central,1119096.04
1350,2,1,9,Rural Outskirts,198495.28
3819,2,4,17,Rural Outskirts,525109.67
4138,1,4,4,Rural Outskirts,561872.83
2362,4,4,28,Rural Outskirts,335441.62
3915,5,3,33,Rural Outskirts,538212.99
4162,3,1,22,Downtown Luxury,1421578.22
3605,1,3,4,Downtown Luxury,1281433.28
4178,4,1,29,Urban Central,1107810.95
964,3,1,5,Rural Outskirts,144263.35
2626,2,2,3,Urban Central,721830.6
1081,2,1,28,Rural Outskirts,127433.07
2848,3,1,22,Rural Outskirts,377002.43
753,1,3,5,Downtown Luxury,328042.45
4121,2,1,31,Downtown Luxury,1331764.92
2124,5,3,17,Suburban Area,468883.67
2720,3,4,14,Downtown Luxury,1029588.9
3360,3,1,31,Suburban Area,596115.8
2943,2,1,8,Suburban Area,565615.84
1640,1,3,9,Suburban Area,350950.46
2264,5,4,19,Suburban Area,526068.36
1840,1,2,5,Suburban Area,359874.89
660,4,4,2,Urban Central,340079.07
1538,4,3,10,Downtown Luxury,678663.65
2239,2,4,16,Suburban Area,482966.58
2689,2,3,31,Rural Outskirts,360054.76
624,2,3,3,Downtown Luxury,337836.97
1662,4,2,3,Downtown Luxury,675314.55
4474,1,1,16,Suburban Area,806228.6
730,1,3,18,Urban Central,254319.12
4169,2,3,4,Suburban Area,821951.4
1852,5,2,31,Urban Central,563485.15
707,1,3,21,Rural Outskirts,112332.92
771,4,1,5,Downtown Luxury,353709.91
2058,3,2,34,Rural Outskirts,274349.87
4149,3,1,21,Urban Central,1072425.8
701,3,1,0,Urban Central,262025.1
3513,5,2,19,Rural Outskirts,520106.54
3171,2,3,21,Urban Central,868425.27
2922,4,1,10,Rural Outskirts,397806.05
2236,5,1,12,Downtown Luxury,830000.12
3715,4,1,2,Rural Outskirts,504453.2
3464,4,1,8,Downtown Luxury,1243653.4
3604,2,2,11,Rural Outskirts,478242.23
1640,3,2,22,Urban Central,470096.8
929,2,4,13,Rural Outskirts,158449.75
4240,5,4,32,Urban Central,1203043.79
4494,5,1,17,Rural Outskirts,605757.25
2120,5,3,8,Rural Outskirts,326553.85
4486,2,1,22,Suburban Area,812366.04
611,4,3,9,Urban Central,300047.2
1941,4,1,18,Suburban Area,394172.49
4263,1,4,4,Urban Central,1186376.22
815,5,4,22,Suburban Area,253567.85
938,4,3,29,Downtown Luxury,441607.5
2399,1,1,24,Rural Outskirts,290571.43
3308,4,3,27,Urban Central,926299.25
3752,5,4,33,Urban Central,1072836.42
2350,3,1,24,Rural Outskirts,293085.89
2108,5,1,9,Urban Central,614302.3
3021,2,3,13,Urban Central,861212.1
3623,4,2,29,Suburban Area,710462.56
1309,4,3,24,Urban Central,443592.8
1823,2,4,13,Downtown Luxury,728302.92
4208,2,4,34,Downtown Luxury,1457163.66
3113,3,4,33,Rural Outskirts,418661.21
1712,4,4,9,Urban Central,595487.21
1891,4,4,34,Rural Outskirts,306865.83
4326,3,2,10,Downtown Luxury,1522631.05
4242,1,1,10,Urban Central,1113433.1
1088,3,3,20,Urban Central,371641.3
2161,5,3,20,Rural Outskirts,353968.58
646,4,4,21,Downtown Luxury,377538.3
3959,2,3,6,Urban Central,1075583.88
1377,5,4,16,Rural Outskirts,262790.7
1639,4,2,1,Downtown Luxury,658429.33
1310,3,2,11,Rural Outskirts,208262.42
1000,5,1,17,Suburban Area,249063.89
2417,4,2,10,Urban Central,713775.11
3628,1,2,15,Suburban Area,710378.92
3757,1,1,17,Downtown Luxury,1210956.85
849,2,3,34,Suburban Area,189025.67
990,4,4,25,Suburban Area,268409.47
4453,1,4,15,Downtown Luxury,1545442.77
934,3,3,5,Rural Outskirts,162639.21
1228,4,1,11,Suburban Area,263698.46
4190,3,3,12,Rural Outskirts,567664.23
736,3,2,3,Suburban Area,199584.06
3530,1,1,1,Rural Outskirts,457704.42
3335,4,1,25,Downtown Luxury,1149154.9
2121,5,1,26,Suburban Area,436373.17
1426,1,4,26,Downtown Luxury,564045.35
1326,1,3,14,Suburban Area,282958.49
2100,4,1,7,Downtown Luxury,787493.71
3241,4,1,6,Downtown Luxury,1168345.55
3894,3,1,11,Suburban Area,747066.77
1589,4,3,12,Suburban Area,395927.73
3019,3,4,16,Suburban Area,644006.15
1534,1,2,16,Urban Central,447508.88
3642,2,4,20,Rural Outskirts,479383.88
1001,5,1,7,Urban Central,350852.11
2066,1,4,4,Urban Central,627624.81
4161,4,4,25,Downtown Luxury,1508664.24
1214,5,2,15,Suburban Area,286860.49
1896,2,3,27,Rural Outskirts,275570.39
4197,2,3,28,Downtown Luxury,1418047.72
1782,3,4,11,Urban Central,586625.24
3823,5,4,29,Suburban Area,776079.47
3642,3,3,22,Downtown Luxury,1288483.37
3267,1,3,15,Suburban Area,641322.02
2835,5,2,13,Downtown Luxury,1064205.33
4484,1,1,9,Suburban Area,838967.05
1721,3,4,6,Urban Central,563177.96
730,5,3,28,Rural Outskirts,147291.53
3452,3,4,2,Urban Central,1028409.28
1794,5,4,14,Rural Outskirts,311018.4
3583,3,3,18,Suburban Area,718447.13
3633,2,2,12,Downtown Luxury,1272468.51
782,3,4,20,Urban Central,309789.09
3630,2,2,26,Rural Outskirts,470138.03
963,3,3,28,Urban Central,328546.85
638,5,1,19,Rural Outskirts,117234.82
4198,5,1,24,Urban Central,1140242.44
3144,5,4,5,Rural Outskirts,488781.28
4187,4,3,1,Rural Outskirts,590641.79
1972,1,2,21,Suburban Area,381820.61
3629,5,4,31,Rural Outskirts,512781.6
1520,2,3,15,Suburban Area,344963.14
4068,5,3,17,Rural Outskirts,561322.17
3369,4,2,4,Downtown Luxury,1248780.78
3832,2,4,29,Downtown Luxury,1355578.52
615,4,3,18,Downtown Luxury,342005.27
1092,2,3,22,Rural Outskirts,182872.01
2049,3,3,33,Suburban Area,425355.92
1731,1,2,12,Suburban Area,361144.58
3541,1,4,28,Rural Outskirts,497298.74
4121,4,4,21,Downtown Luxury,1510071.49
910,1,4,8,Downtown Luxury,418298.75
1338,4,4,18,Suburban Area,332741.89
3841,4,1,5,Downtown Luxury,1351624.24
1145,4,1,14,Urban Central,370400.66
3061,1,4,19,Suburban Area,606703.36
850,4,2,8,Downtown Luxury,404844.71
1358,1,1,31,Suburban Area,259420.21
2404,4,3,3,Urban Central,742316.42
3812,5,1,17,Suburban Area,736143.22
1897,4,3,4,Suburban Area,447979.75
4087,2,4,19,Suburban Area,808186.39
2231,4,1,22,Suburban Area,424504.81
4410,3,2,10,Urban Central,1207810.97
2514,4,1,21,Rural Outskirts,336359.53
3710,2,1,3,Suburban Area,706723.03
1413,2,1,28,Suburban Area,261922.33
628,1,4,33,Downtown Luxury,286153.21
1557,5,2,12,Suburban Area,335567.11
2632,4,1,8,Downtown Luxury,950266.81
1076,1,2,30,Rural Outskirts,157474.04
917,5,4,6,Urban Central,420989.35
844,4,3,3,Urban Central,338552.52
1347,3,1,18,Rural Outskirts,203449.18
1296,4,2,29,Urban Central,386334.84
871,2,2,30,Rural Outskirts,122051.61
4111,2,4,34,Rural Outskirts,552762.19
2371,3,1,20,Rural Outskirts,321051.64
1862,1,3,30,Urban Central,523240.4
3024,5,2,18,Downtown Luxury,1116871.01
865,4,1,30,Rural Outskirts,128476.42
3573,2,3,31,Suburban Area,695547.73
1520,1,2,1,Urban Central,438928.06
4030,3,2,9,Rural Outskirts,549693.39
939,2,3,1,Rural Outskirts,184023.37
988,3,3,1,Suburban Area,272991.67
3224,4,4,23,Downtown Luxury,1205300.35
4360,5,1,16,Downtown Luxury,1500324.52
2650,2,1,31,Downtown Luxury,870970.3
4100,2,4,15,Rural Outskirts,552255.9
1765,4,2,15,Rural Outskirts,266039.98
975,1,3,30,Rural Outskirts,157997.38
4341,5,3,23,Urban Central,1222053.1
2633,2,3,0,Suburban Area,527656.15
2971,5,2,10,Rural Outskirts,435551.42
745,2,3,20,Suburban Area,184269.96
2581,5,3,3,Suburban Area,559695.39
892,3,4,6,Downtown Luxury,474468.26
4336,2,2,25,Urban Central,1128771.15
1031,5,1,11,Rural Outskirts,169439.59
1304,1,4,30,Downtown Luxury,510384.54
3596,3,4,16,Downtown Luxury,1317433.39
2598,3,1,32,Rural Outskirts,339416.83
3232,1,4,10,Suburban Area,646640.1
998,5,2,27,Downtown Luxury,431370.46
3464,4,3,31,Suburban Area,700235.16
4015,1,2,0,Urban Central,1092116.06
1563,5,1,27,Suburban Area,306436.15
3811,1,1,6,Urban Central,1001256.87
2834,1,4,1,Suburban Area,609703.09
2641,2,2,23,Downtown Luxury,932692.52
2428,5,2,3,Downtown Luxury,959236.56
2708,4,1,18,Urban Central,731887.23
1538,2,2,25,Rural Outskirts,222347.77
4051,1,1,10,Urban Central,1035620.97
1309,1,2,10,Urban Central,376152.42
1406,1,2,2,Suburban Area,303276.99
2063,5,2,11,Suburban Area,444482.89
3990,5,1,2,Urban Central,1097563.2
1925,2,4,26,Downtown Luxury,745929.28
4015,4,2,1,Suburban Area,827906.69
610,2,1,15,Rural Outskirts,108578.81
1685,3,1,1,Suburban Area,364586.23
2468,1,2,29,Suburban Area,469190.23
2873,1,2,19,Rural Outskirts,387290.63
3824,1,4,27,Urban Central,1041286.8
4382,2,1,24,Rural Outskirts,572155.41
3211,2,1,31,Urban Central,799471.64
1371,1,3,9,Urban Central,425165.82
2194,2,1,32,Urban Central,556956.62
2207,5,4,12,Rural Outskirts,361348.83
4331,5,3,15,Urban Central,1220275.53
4246,2,3,21,Downtown Luxury,1476989.85
1933,1,3,19,Rural Outskirts,263982.86
1484,2,2,26,Downtown Luxury,526249.74
3914,2,2,15,Urban Central,1037281.44
4164,2,1,33,Suburban Area,762287.36
1989,3,3,31,Urban Central,575007.32
4001,5,4,25,Downtown Luxury,1474394.01
3778,4,2,24,Downtown Luxury,1318950.84
825,4,4,1,Rural Outskirts,187156.57
1424,3,4,11,Suburban Area,370586.1
2865,2,2,8,Rural Outskirts,381431.76
1536,3,2,11,Downtown Luxury,611610.12
3400,3,2,25,Urban Central,921262.35
3153,1,2,8,Suburban Area,595344.42
2906,5,3,9,Urban Central,894394.48
2511,4,3,31,Urban Central,729963.37
4445,2,3,33,Suburban Area,832407.2
4188,4,3,19,Rural Outskirts,560815.04
2396,4,1,1,Urban Central,697261.76
653,5,3,0,Downtown Luxury,416235.05
3718,4,2,23,Urban Central,1003527.44
1326,4,4,26,Suburban Area,314956.63
3336,3,3,1,Suburban Area,699702.12
2144,5,1,30,Suburban Area,404451.66
3770,1,2,13,Rural Outskirts,501471.39
1643,2,4,1,Urban Central,544506.76
2513,4,4,28,Rural Outskirts,383083.86
2376,2,3,14,Rural Outskirts,338684.34
2196,1,4,11,Suburban Area,469599.3
2514,2,3,27,Suburban Area,489206.7
4161,1,3,19,Rural Outskirts,553935.54
3066,3,2,23,Urban Central,840661.01
3337,4,2,20,Downtown Luxury,1190998.46
1449,1,1,9,Rural Outskirts,200577.68
2709,2,2,13,Urban Central,733692.94
3816,4,2,17,Suburban Area,743391.91
2863,3,3,23,Suburban Area,570859.92
602,4,2,13,Urban Central,244146.12
759,1,3,33,Downtown Luxury,309738.99
4410,3,3,11,Suburban Area,866349.85
1380,2,2,21,Suburban Area,269477.29
3791,3,1,5,Suburban Area,736879.75
1492,3,1,21,Urban Central,432463.72
2630,5,4,13,Rural Outskirts,397725.46
3760,3,4,15,Suburban Area,790473.73
2976,3,2,24,Rural Outskirts,410198.12
1179,4,1,31,Downtown Luxury,446242.69
2533,2,3,32,Suburban Area,513144.86
1980,4,4,19,Suburban Area,465271.41
4281,4,3,17,Downtown Luxury,1532597.57
1890,1,4,2,Suburban Area,436412.38
2240,4,2,22,Rural Outskirts,325615.2
1551,5,1,31,Urban Central,461057.82
3994,5,4,15,Rural Outskirts,597442.51
3282,1,1,4,Urban Central,849253.24
1587,2,3,3,Urban Central,513615.61
4212,2,2,20,Rural Outskirts,553729.3
4320,4,1,13,Rural Outskirts,581258.29
1818,4,2,30,Rural Outskirts,264193.11
1520,4,1,13,Rural Outskirts,227843.64
3385,2,3,5,Downtown Luxury,1244622.3
1955,3,3,11,Suburban Area,412302.63
769,5,2,15,Urban Central,282319.88
1120,3,3,16,Rural Outskirts,167480.52
2086,3,4,22,Rural Outskirts,332785.73
639,2,1,13,Rural Outskirts,89712.75
2160,3,3,6,Downtown Luxury,850466.24
3932,1,4,31,Rural Outskirts,526815.39
2018,4,2,14,Rural Outskirts,290671.5
1554,1,4,16,Rural Outskirts,251381.73
3897,5,2,33,Suburban Area,756330.44
1583,4,2,4,Downtown Luxury,652599.18
3795,3,1,26,Rural Outskirts,496924.46
1574,5,1,22,Urban Central,477537.27
637,4,4,13,Urban Central,295176.29
2975,3,1,14,Urban Central,812255.02
1874,1,1,32,Downtown Luxury,609454.24
1799,4,1,30,Downtown Luxury,619762.53
2225,3,4,34,Urban Central,658119.59
1513,1,3,16,Rural Outskirts,219738.93
1053,5,1,27,Downtown Luxury,431642.77
636,5,1,18,Urban Central,224632.09
3987,5,4,22,Urban Central,1172111.26
2311,5,3,31,Rural Outskirts,325651.26
3620,2,1,12,Suburban Area,676268.63
1395,4,2,19,Downtown Luxury,567351.55
1572,4,4,34,Rural Outskirts,245275.96
1192,2,1,4,Urban Central,342343.18
1737,3,1,8,Urban Central,502550.83
3711,3,2,28,Rural Outskirts,495399.12
1924,5,2,5,Downtown Luxury,785447.26
2871,1,4,24,Suburban Area,582284.26
917,3,4,30,Suburban Area,232326.33
2996,1,2,21,Urban Central,790747.11
2762,4,4,1,Downtown Luxury,1102648.77
3345,1,2,4,Suburban Area,635108.05
1946,4,1,26,Downtown Luxury,689726.9
2191,2,2,24,Downtown Luxury,760058.82
3711,2,2,7,Urban Central,1002026.35
2489,5,3,0,Suburban Area,576003.93
2687,3,2,19,Rural Outskirts,369952.76
2596,5,2,22,Urban Central,743677.12
2372,4,3,31,Suburban Area,492096.95
1912,5,4,10,Suburban Area,465410.74
1885,1,3,23,Suburban Area,363457.43
815,4,1,10,Suburban Area,197119.12
3818,2,3,28,Suburban Area,727575.79
2983,3,1,25,Downtown Luxury,1007626.27
3839,4,4,15,Urban Central,1118934.34
2739,4,3,34,Downtown Luxury,999236.06
3000,1,3,19,Rural Outskirts,422975.25
3218,3,4,2,Suburban Area,684700.08
4242,2,1,0,Urban Central,1149097.05
3463,4,3,0,Suburban Area,719810.7
2304,4,1,16,Urban Central,636893.25
3428,1,3,1,Downtown Luxury,1233879.63
962,5,2,28,Urban Central,346152.98
3204,2,3,19,Rural Outskirts,425798.36
4016,3,4,5,Rural Outskirts,575052.11
2316,4,4,7,Urban Central,732542.62
1793,4,1,28,Urban Central,498910.21
955,2,3,32,Urban Central,296220.22
790,5,1,2,Urban Central,321064.57
4338,4,1,34,Rural Outskirts,562927.14
3069,2,2,4,Suburban Area,624117.41
1299,1,2,26,Urban Central,347086.8
2654,5,4,11,Urban Central,846245.78
2780,3,1,19,Rural Outskirts,374863.96
4418,4,4,19,Rural Outskirts,645466.62
1156,2,3,8,Downtown Luxury,479939.82
1425,1,1,3,Urban Central,382093.71
3408,3,1,18,Downtown Luxury,1184491.47
1654,2,3,26,Rural Outskirts,232364.82
3182,2,3,12,Rural Outskirts,437414.36
1025,3,4,12,Suburban Area,267591.32
4065,1,4,21,Urban Central,1120481.35
3319,1,3,27,Downtown Luxury,1120794.51
3010,5,4,21,Rural Outskirts,454289.4
4108,4,3,18,Rural Outskirts,570700.54
4341,3,1,7,Downtown Luxury,1501002.19
2174,3,1,7,Suburban Area,430155.81
2729,3,2,25,Rural Outskirts,378237.27
3003,1,1,25,Urban Central,742701.41
3929,4,3,22,Rural Outskirts,575261.29
4389,5,4,12,Urban Central,1267792.89
1188,2,2,27,Downtown Luxury,434697.16
2612,2,4,8,Urban Central,799041.05
2147,3,3,19,Downtown Luxury,809547.93
894,4,1,18,Urban Central,307456.59
2585,1,2,11,Downtown Luxury,895242.35
1847,4,3,14,Urban Central,592784.38
2148,4,2,30,Suburban Area,427767.82
3717,1,2,13,Urban Central,965771.56
2290,3,1,10,Urban Central,640855.13
1736,4,3,25,Suburban Area,392158.84
1856,2,4,26,Rural Outskirts,263425.37
2664,1,2,10,Rural Outskirts,357179.3
959,5,2,33,Urban Central,335037.11
3894,3,4,18,Suburban Area,794521.43
3513,1,3,5,Urban Central,964533.42
1299,5,2,27,Downtown Luxury,528185.69
1047,5,2,0,Downtown Luxury,535406.93
3503,4,2,34,Urban Central,925872.82
3012,4,3,7,Rural Outskirts,444321.62
1274,4,3,6,Rural Outskirts,209307.64
1607,1,4,10,Urban Central,521541.78
1949,1,3,3,Urban Central,578422.52
3114,3,3,24,Downtown Luxury,1121234.09
3061,4,1,11,Rural Outskirts,455872.71
4126,5,4,25,Urban Central,1175430.33
1185,2,2,11,Downtown Luxury,489162.91
1856,3,3,23,Rural Outskirts,272847.22
1847,1,2,15,Suburban Area,359657.85
1593,3,2,12,Downtown Luxury,651470.1
2035,3,1,24,Rural Outskirts,272116.92
1171,3,3,3,Rural Outskirts,191533.54
2982,3,4,10,Downtown Luxury,1142351.03
1845,2,3,31,Suburban Area,370827.16
2684,4,2,6,Downtown Luxury,1012261.15
1588,5,4,10,Rural Outskirts,282484.83
877,3,3,27,Urban Central,328230.54
1819,3,2,22,Urban Central,528908.83
3563,3,2,22,Downtown Luxury,1223592.42
2487,4,1,27,Rural Outskirts,338376.56
1083,1,1,25,Urban Central,263320.44
1865,1,1,24,Rural Outskirts,232857.43
3995,2,2,28,Downtown Luxury,1330974.71
1330,1,3,18,Urban Central,422605.42
2839,3,1,32,Rural Outskirts,360337.38
1640,3,3,13,Urban Central,525690.77
3171,3,1,13,Downtown Luxury,1092642.25
1517,2,4,34,Rural Outskirts,215881.04
3048,3,4,29,Urban Central,872947.79
1485,1,1,27,Downtown Luxury,481628.3
3352,4,2,16,Urban Central,942127.52
621,4,1,2,Urban Central,214065.37
1073,5,1,15,Suburban Area,238321.85
3791,1,2,29,Suburban Area,707070.66
2857,3,4,28,Downtown Luxury,1048504.72
2953,4,3,14,Suburban Area,619175.33
3941,1,1,24,Downtown Luxury,1263947.7
1303,4,2,22,Suburban Area,300919.21
1286,3,1,24,Urban Central,370527.24
884,4,2,6,Downtown Luxury,433438.92
1315,5,3,21,Downtown Luxury,598290.68
4347,5,3,16,Urban Central,1246930.8
1362,4,4,17,Downtown Luxury,606479.11
1850,1,2,9,Downtown Luxury,656895.94
1547,1,2,9,Suburban Area,326430.52
3028,1,4,6,Downtown Luxury,1132874.64
3107,4,4,26,Rural Outskirts,445549.88
1630,1,2,32,Urban Central,415273.37
628,3,4,0,Suburban Area,213213.44
1506,5,3,33,Suburban Area,326218.86
3704,3,1,3,Rural Outskirts,486727.07
4317,1,3,16,Urban Central,1138436.49
3526,3,4,3,Urban Central,1031182.82
2726,1,2,25,Suburban Area,511930.04
3594,4,2,3,Downtown Luxury,1314377.67
3106,3,3,0,Suburban Area,642977.25
1169,4,2,6,Urban Central,396300.15
2606,4,4,29,Rural Outskirts,389479.94
4209,2,3,8,Suburban Area,808067.83
4153,1,2,34,Urban Central,1068149.29
2053,5,1,7,Suburban Area,454564.62
1337,1,1,23,Downtown Luxury,430001.03
3956,5,4,18,Suburban Area,817698.77
1115,1,2,26,Suburban Area,232419.75
2600,4,4,31,Urban Central,769643.38
3770,3,3,13,Urban Central,1061258.95
3044,3,1,17,Urban Central,813020.34
4160,2,3,27,Suburban Area,813075.69
638,5,2,28,Downtown Luxury,324912.96
3942,5,4,15,Rural Outskirts,583063.87
1486,5,4,34,Rural Outskirts,257871.68
3444,4,4,30,Urban Central,978826.64
2804,5,3,3,Urban Central,855609.13
1698,3,1,16,Suburban Area,349670.95
3531,4,3,25,Rural Outskirts,496822.95
2423,1,3,3,Urban Central,683824.67
3801,5,2,29,Downtown Luxury,1364161.25
2310,5,2,29,Downtown Luxury,870336.86
1573,1,2,21,Urban Central,428767.52
3755,5,1,10,Urban Central,1035377.99
3693,1,1,1,Rural Outskirts,487862.11
4130,4,2,11,Rural Outskirts,576150.24
2162,3,2,29,Suburban Area,401963.99
4378,1,1,17,Rural Outskirts,583696.2
3496,2,4,25,Downtown Luxury,1242025.39
4053,1,1,6,Downtown Luxury,1354189.13
3395,5,1,0,Urban Central,965158.4
4111,4,1,25,Rural Outskirts,567148.2
4275,4,2,22,Suburban Area,826042.51
1588,1,4,25,Downtown Luxury,630774.09
620,3,1,5,Downtown Luxury,292160.73
2950,2,2,5,Suburban Area,573457.38
1468,4,3,7,Suburban Area,359456.49
683,5,3,23,Downtown Luxury,375389.9
4445,5,1,21,Downtown Luxury,1522211.15
2282,3,3,18,Suburban Area,483452.67
2576,4,4,17,Downtown Luxury,1014169.23
4124,1,3,30,Urban Central,1087925.06
2010,5,3,29,Urban Central,619720.23
2130,3,4,32,Suburban Area,445186.77
3928,4,1,9,Rural Outskirts,542788.01
1169,4,1,11,Suburban Area,255727.22
1533,4,4,29,Suburban Area,323943.95
4198,4,4,26,Rural Outskirts,592651.84
3833,4,4,8,Rural Outskirts,553589.12
2580,5,3,20,Rural Outskirts,392665.57
3834,3,4,11,Urban Central,1122874.46
2455,4,2,28,Downtown Luxury,910472.88
3656,2,3,32,Urban Central,974770.52
1392,2,1,14,Downtown Luxury,486449.82
1391,3,1,1,Urban Central,431468.2
4195,1,1,17,Downtown Luxury,1372017.29
2409,1,3,2,Urban Central,700809.32
1894,1,2,6,Rural Outskirts,259273.67
3139,2,4,17,Suburban Area,643628.31
2855,1,4,32,Urban Central,773556.31
4210,5,1,30,Downtown Luxury,1453851.04
2207,4,1,10,Rural Outskirts,308802.27
1683,2,3,3,Urban Central,536209.23
3077,3,2,17,Urban Central,832466.79
1584,3,4,3,Rural Outskirts,282038.09
2280,4,3,33,Urban Central,650323.39
4276,2,4,28,Suburban Area,835214.12
3980,1,1,23,Urban Central,1018598.41
1119,1,4,21,Suburban Area,257820.21
1190,5,2,1,Suburban Area,296650.0
1650,5,2,5,Rural Outskirts,276861.75
2309,1,1,24,Urban Central,573456.22
4233,3,2,20,Rural Outskirts,562107.05
2635,3,2,15,Urban Central,742805.55
2846,5,3,30,Urban Central,842720.11
3034,4,4,13,Downtown Luxury,1171254.64
948,1,1,27,Urban Central,235810.29
1559,5,1,31,Rural Outskirts,233844.15
2563,5,1,27,Suburban Area,507544.46
1292,1,1,8,Urban Central,361770.36
2159,1,1,21,Downtown Luxury,721098.4
4499,3,2,31,Rural Outskirts,587301.15
977,4,3,4,Urban Central,342983.87
3546,4,1,22,Rural Outskirts,464700.87
3563,1,3,4,Downtown Luxury,1279076.18
4229,2,3,31,Downtown Luxury,1443230.82
1126,5,2,9,Rural Outskirts,197446.44
3824,5,1,14,Urban Central,1063329.42
3381,1,2,6,Suburban Area,648164.1
2853,2,1,28,Downtown Luxury,914381.6
3102,3,2,2,Urban Central,861080.38
3944,1,3,18,Urban Central,1061071.78
1859,1,1,9,Suburban Area,353017.31
2475,5,4,27,Downtown Luxury,998635.88
2363,1,3,28,Downtown Luxury,815132.78
1120,1,4,14,Urban Central,372605.99
2301,1,3,34,Urban Central,604517.96
1616,5,2,5,Suburban Area,374632.87
3603,3,1,11,Suburban Area,666637.15
3373,3,3,12,Downtown Luxury,1224303.78
1613,1,2,28,Rural Outskirts,212695.57
3148,5,1,18,Downtown Luxury,1119836.03
716,3,1,2,Urban Central,278466.64
3033,3,3,7,Downtown Luxury,1151573.81
1967,3,1,7,Rural Outskirts,270751.21
1183,5,3,19,Suburban Area,279612.76
994,5,1,3,Rural Outskirts,176133.6
1687,1,4,20,Rural Outskirts,259080.12
4388,4,2,2,Rural Outskirts,599682.19
3368,3,4,7,Suburban Area,696108.29
671,4,3,22,Rural Outskirts,156456.66
4460,5,4,15,Rural Outskirts,638669.38
873,5,3,12,Rural Outskirts,187665.0
2613,5,1,2,Urban Central,753152.33
1943,4,1,8,Rural Outskirts,283614.71
937,5,3,13,Suburban Area,263023.94
1989,1,4,12,Rural Outskirts,291229.52
4166,5,1,6,Rural Outskirts,588339.6
1206,2,2,14,Suburban Area,243613.48
765,4,1,6,Rural Outskirts,141150.68
2167,2,2,33,Suburban Area,406198.54
2658,5,4,21,Rural Outskirts,414645.89
1924,1,2,23,Suburban Area,362621.08
1328,3,2,0,Rural Outskirts,228134.32
3448,5,2,9,Rural Outskirts,482811.57
2643,1,2,15,Urban Central,721926.64
701,4,1,7,Urban Central,256946.37
4096,2,2,24,Rural Outskirts,521993.97
2015,2,1,11,Rural Outskirts,282212.59
1378,2,2,24,Downtown Luxury,500245.8
813,4,3,16,Suburban Area,208645.94
4362,1,4,25,Downtown Luxury,1514477.62
1711,4,2,13,Urban Central,539011.15
2176,2,3,22,Urban Central,635977.63
3048,5,2,5,Urban Central,889555.78
3235,3,2,4,Urban Central,911043.82
3536,4,2,24,Rural Outskirts,484782.44
3717,4,3,17,Urban Central,1068801.63
2295,1,4,12,Rural Outskirts,328164.14
4134,1,3,13,Rural Outskirts,550588.09
1191,4,4,27,Urban Central,412755.36
1933,2,2,17,Urban Central,525166.19
1709,3,1,27,Suburban Area,332193.45
2739,1,2,26,Downtown Luxury,936891.58
4331,2,4,31,Urban Central,1171350.19
3320,5,3,8,Suburban Area,691417.24
1313,1,2,31,Suburban Area,249382.32
1535,2,3,19,Downtown Luxury,603769.42
2551,2,3,27,Rural Outskirts,351469.64
841,3,3,32,Urban Central,301014.42
2643,3,2,3,Downtown Luxury,969703.66
601,5,3,33,Urban Central,252168.36
2872,2,3,2,Suburban Area,596111.85
3448,2,2,25,Suburban Area,655355.57
2368,3,3,7,Rural Outskirts,356054.74
2549,1,2,5,Suburban Area,485478.96
3236,1,4,15,Suburban Area,676536.14
2763,4,4,23,Downtown Luxury,1058700.36
4337,3,4,29,Urban Central,1196727.21
1517,4,3,12,Urban Central,512325.13
3774,3,1,4,Downtown Luxury,1303697.94
2841,5,1,24,Rural Outskirts,393089.12
3837,2,3,19,Urban Central,1036077.72
3518,5,1,17,Suburban Area,695826.61
689,3,2,17,Urban Central,242555.73
2309,2,1,1,Suburban Area,459644.62
2769,1,3,9,Rural Outskirts,374975.55
742,1,3,11,Downtown Luxury,325501.0
3641,4,2,12,Urban Central,998590.31
705,3,4,10,Downtown Luxury,392693.64
1486,3,3,18,Urban Central,439349.71
1027,1,2,34,Suburban Area,188374.8
1928,5,1,25,Downtown Luxury,704661.12
2495,2,1,13,Urban Central,667510.93
2594,5,2,23,Suburban Area,535855.29
916,5,2,0,Downtown Luxury,484668.96
2586,1,3,21,Downtown Luxury,942435.72
1234,1,1,22,Urban Central,329658.47
2525,1,2,18,Urban Central,667822.71
2656,4,1,17,Urban Central,727231.31
3421,5,2,11,Suburban Area,709003.96
3744,3,1,27,Urban Central,953527.86
4030,2,4,27,Downtown Luxury,1416417.56
2870,4,3,32,Downtown Luxury,1041502.16
2039,3,1,18,Urban Central,566197.58
1152,5,4,27,Urban Central,437110.4
4041,1,1,25,Rural Outskirts,500231.27
1315,5,1,34,Downtown Luxury,488047.53
1887,2,4,33,Suburban Area,401401.25
2313,4,1,34,Rural Outskirts,299490.95
2483,4,1,15,Urban Central,707389.42
3989,2,3,12,Urban Central,1101578.1
1707,3,4,22,Downtown Luxury,702006.11
1941,3,4,21,Urban Central,609743.29
710,4,2,15,Suburban Area,188197.31
850,4,1,27,Downtown Luxury,328364.5
3030,1,3,34,Urban Central,793743.33
2654,3,1,7,Downtown Luxury,947975.6
1058,2,1,21,Urban Central,292548.18
1707,3,2,20,Urban Central,492291.43
807,1,1,25,Urban Central,212358.98
1499,4,3,20,Suburban Area,345732.64
4061,4,3,24,Suburban Area,795860.27
3985,1,2,0,Downtown Luxury,1380592.1
621,2,1,5,Urban Central,194735.65
1009,4,3,22,Urban Central,339861.32
1494,5,1,22,Suburban Area,320458.75
1114,4,1,22,Urban Central,328279.03
3798,5,1,31,Suburban Area,721390.15
1408,1,2,29,Urban Central,361695.2
4371,1,1,12,Downtown Luxury,1458791.19
1473,4,3,17,Urban Central,477498.09
613,3,1,22,Urban Central,187932.01
1570,5,3,14,Rural Outskirts,270394.6
3625,2,1,32,Suburban Area,639580.63
3661,4,3,20,Urban Central,1014365.4
3683,2,3,22,Urban Central,1004927.43
2734,4,1,26,Rural Outskirts,363504.63
4195,3,1,17,Rural Outskirts,541272.06
3556,3,3,23,Suburban Area,709720.48
2160,3,4,6,Rural Outskirts,332976.94
1924,3,2,19,Downtown Luxury,708641.85
1866,1,4,26,Rural Outskirts,261322.43
2769,1,4,5,Downtown Luxury,1041197.25
3818,5,1,26,Suburban Area,750024.91
4238,2,2,8,Suburban Area,790907.52
1349,4,4,30,Suburban Area,328171.89
4027,4,1,20,Suburban Area,777139.06
1284,1,4,25,Suburban Area,280062.27
2527,4,4,12,Downtown Luxury,995255.49
4404,1,1,22,Downtown Luxury,1438427.56
4302,5,1,19,Suburban Area,841579.84
2956,2,1,27,Rural Outskirts,389862.27
1294,5,2,16,Urban Central,437998.91
2935,3,4,27,Suburban Area,605074.96
906,3,1,1,Rural Outskirts,140327.85
4483,3,3,24,Urban Central,1225778.94
4265,5,4,5,Suburban Area,903419.48
2589,4,3,10,Suburban Area,542363.3
3561,2,2,5,Downtown Luxury,1255337.76
4394,3,1,10,Urban Central,1173921.89
1261,3,3,13,Urban Central,432517.37
1148,3,2,1,Rural Outskirts,193308.12
4023,2,1,2,Downtown Luxury,1364441.19
911,3,3,34,Downtown Luxury,377698.61
3520,2,3,32,Downtown Luxury,1199673.0
1682,3,2,23,Downtown Luxury,624275.27
4314,5,1,18,Urban Central,1163125.38
3571,5,1,17,Urban Central,1006272.44
2337,2,3,23,Suburban Area,481796.13
1354,5,3,34,Suburban Area,328554.58
634,2,3,0,Downtown Luxury,351472.23
1044,5,1,24,Downtown Luxury,422408.19
2740,5,2,33,Downtown Luxury,985975.32
2582,2,2,24,Suburban Area,493753.57
1830,4,1,15,Rural Outskirts,266438.8
952,5,4,33,Rural Outskirts,189302.04
1502,3,2,28,Suburban Area,308768.5
1955,4,3,18,Suburban Area,428812.82
4488,2,4,22,Suburban Area,870310.61
3509,4,4,18,Suburban Area,713308.21
2348,1,2,24,Suburban Area,457240.55
758,1,4,15,Suburban Area,228906.35
2577,5,4,8,Downtown Luxury,1069660.04
1556,5,2,0,Downtown Luxury,661835.21
2671,3,2,18,Downtown Luxury,965568.2
1003,4,4,32,Downtown Luxury,484137.32
3452,1,3,33,Suburban Area,642918.75
1115,5,1,15,Rural Outskirts,188357.13
3379,4,4,17,Urban Central,985472.36
1987,5,4,33,Suburban Area,468407.15
4053,5,3,24,Urban Central,1145020.45
3179,1,4,5,Rural Outskirts,444148.13
1555,1,4,20,Downtown Luxury,619857.7
2799,5,1,5,Rural Outskirts,415779.37
4233,2,1,31,Suburban Area,769117.58
2312,5,1,30,Downtown Luxury,830441.3
3594,5,2,9,Suburban Area,731282.96
1207,3,2,29,Downtown Luxury,444416.63
4288,3,1,17,Urban Central,1125795.19
3067,3,1,23,Urban Central,816120.48
1873,2,2,8,Urban Central,541019.68
3788,2,3,30,Rural Outskirts,516297.19
3513,5,4,14,Suburban Area,742833.82
2135,3,4,3,Rural Outskirts,338170.91
4411,2,1,8,Urban Central,1166905.44
3225,1,3,8,Suburban Area,639562.23
2982,5,2,25,Urban Central,838923.34
2041,4,1,3,Rural Outskirts,313251.66
3579,5,3,16,Rural Outskirts,509049.17
2397,4,3,15,Rural Outskirts,352098.61
894,3,3,14,Urban Central,293814.61
1354,4,2,34,Suburban Area,280272.38
1994,3,2,4,Suburban Area,441824.6
785,1,4,4,Urban Central,283832.49
1869,4,4,19,Suburban Area,422196.96
1236,5,3,14,Urban Central,452820.82
1891,3,3,17,Suburban Area,383041.6
4314,5,2,1,Downtown Luxury,1562247.62
3908,2,4,28,Downtown Luxury,1392202.36
1129,3,3,12,Rural Outskirts,219690.31
4223,4,4,3,Downtown Luxury,1581254.96
2668,3,4,9,Downtown Luxury,1028274.4
3558,5,3,30,Downtown Luxury,1281670.46
4408,1,2,7,Urban Central,1167994.9
3514,3,3,2,Downtown Luxury,1299587.56
1393,4,3,8,Downtown Luxury,639947.15
4191,2,4,29,Rural Outskirts,582555.66
2747,1,3,10,Downtown Luxury,988237.28
3399,2,2,34,Downtown Luxury,1131813.51
1077,3,3,12,Suburban Area,305636.54
2222,5,2,12,Rural Outskirts,344611.14
3969,5,2,11,Rural Outskirts,550028.98
1539,4,4,9,Rural Outskirts,267658.52
1125,5,1,8,Rural Outskirts,179100.54
2981,1,1,6,Rural Outskirts,362711.41
601,5,4,1,Rural Outskirts,171037.81
974,4,3,22,Urban Central,372677.45
2940,3,4,20,Downtown Luxury,1084193.31
3484,3,2,22,Rural Outskirts,471567.15
3652,5,1,28,Downtown Luxury,1254685.14
1152,2,4,13,Downtown Luxury,524226.03
2965,3,3,25,Urban Central,829112.04
2125,5,4,4,Rural Outskirts,340469.34
2451,4,1,30,Suburban Area,459406.76
980,5,4,24,Urban Central,381476.39
2246,3,4,30,Suburban Area,492411.82
613,4,1,19,Downtown Luxury,291891.11
1103,5,2,16,Downtown Luxury,491875.83
2878,1,2,1,Urban Central,805509.64
2608,4,1,24,Urban Central,707217.79
3755,1,4,12,Suburban Area,741580.05
729,2,1,27,Rural Outskirts,99259.41
4414,4,2,5,Suburban Area,875937.9
1437,1,3,2,Urban Central,444498.66
3816,3,4,34,Suburban Area,754342.39
3538,3,2,17,Urban Central,973263.87
2640,2,4,10,Suburban Area,560754.48
627,4,1,19,Urban Central,218997.39
2713,4,3,4,Urban Central,825686.16
3834,4,1,18,Urban Central,1036328.47
1852,2,3,21,Rural Outskirts,269560.61
860,4,4,18,Suburban Area,247509.83
2646,3,4,15,Suburban Area,568550.44
2072,1,1,23,Suburban Area,356232.44
2047,3,3,3,Urban Central,634280.14
1059,3,3,14,Suburban Area,234161.28
4347,1,4,24,Suburban Area,817550.5
900,3,1,34,Urban Central,223365.77
3566,2,3,13,Downtown Luxury,1280272.22
3974,1,4,18,Urban Central,1088975.78
2934,3,2,6,Suburban Area,577775.41
4066,5,1,29,Urban Central,1091004.79
3681,3,2,18,Downtown Luxury,1295227.85
4378,2,1,24,Urban Central,1127837.83
1229,4,4,15,Suburban Area,320955.48
869,3,3,7,Downtown Luxury,431225.84
3239,4,3,17,Rural Outskirts,476051.96
2593,5,3,27,Suburban Area,542709.05
2228,3,1,15,Downtown Luxury,787030.4
2401,1,4,18,Downtown Luxury,887157.68
3491,4,2,16,Rural Outskirts,465865.01
1461,5,4,12,Urban Central,543810.82
4032,1,2,6,Urban Central,1097871.26
1880,1,1,26,Suburban Area,326714.46
2780,1,1,9,Rural Outskirts,375272.16
3947,1,2,33,Urban Central,996300.07
2399,3,2,24,Rural Outskirts,334107.45
2306,3,2,5,Urban Central,691608.15
3619,3,4,23,Downtown Luxury,1311030.73
3160,5,2,17,Urban Central,901983.76
2960,5,1,22,Rural Outskirts,387461.96
1175,5,1,5,Downtown Luxury,502329.55
3533,2,3,28,Downtown Luxury,1201736.73
2603,5,2,24,Downtown Luxury,969482.14
1907,3,4,16,Rural Outskirts,312421.65
3792,3,4,23,Suburban Area,760300.38
3778,2,4,10,Suburban Area,767470.64
2556,2,3,25,Suburban Area,504171.23
3334,5,1,33,Rural Outskirts,455850.54
2620,4,4,27,Downtown Luxury,1008113.54
3875,2,1,2,Suburban Area,713272.04
2812,1,3,10,Rural Outskirts,403391.77
2952,3,2,13,Suburban Area,583085.49
4168,1,2,25,Urban Central,1060291.45
2255,3,2,20,Suburban Area,448632.79
2179,3,4,29,Suburban Area,442595.16
2447,2,2,7,Downtown Luxury,870709.33
2803,2,4,19,Rural Outskirts,406133.4
1990,1,3,31,Downtown Luxury,699320.54
2342,3,3,21,Downtown Luxury,879125.27
2525,1,4,6,Downtown Luxury,956378.52
1219,4,1,8,Downtown Luxury,488161.62
1874,1,2,0,Downtown Luxury,692922.49
1556,5,2,28,Suburban Area,337233.51
2539,1,2,7,Downtown Luxury,874406.62
2981,5,4,3,Downtown Luxury,1187695.02
4313,5,3,34,Rural Outskirts,605352.49
1568,5,2,2,Urban Central,545235.53
3158,4,3,6,Suburban Area,671055.3
1916,1,2,26,Suburban Area,380204.37
1643,1,2,0,Suburban Area,344764.66
881,4,4,26,Downtown Luxury,466192.51
3444,3,1,15,Downtown Luxury,1205309.86
3672,2,4,6,Downtown Luxury,1328766.37
2766,1,2,22,Rural Outskirts,366293.92
1658,2,2,10,Urban Central,486053.16
797,4,1,32,Downtown Luxury,302818.75
3132,3,3,16,Urban Central,894286.99
4428,3,3,34,Rural Outskirts,592861.5
1682,3,2,4,Suburban Area,361134.61
3484,4,3,31,Downtown Luxury,1245136.74
1784,5,2,2,Urban Central,595063.13
1608,5,1,34,Urban Central,459486.46
3338,2,1,13,Downtown Luxury,1136555.46
1829,5,2,30,Suburban Area,385895.36
1635,5,1,30,Suburban Area,341724.77
1089,3,4,16,Suburban Area,270309.43
875,3,4,23,Rural Outskirts,160533.35
3340,2,1,22,Urban Central,862287.98
2889,1,2,17,Urban Central,751351.97
1839,2,2,13,Urban Central,515625.4
1874,2,1,14,Rural Outskirts,257521.34
4482,4,3,14,Urban Central,1250301.98
725,4,4,5,Rural Outskirts,180826.39
816,2,3,26,Suburban Area,186473.87
3977,2,2,14,Downtown Luxury,1366999.23
4468,2,2,7,Urban Central,1190113.59
1808,5,3,14,Urban Central,600169.54
3710,4,1,2,Suburban Area,745688.95
1846,2,3,12,Downtown Luxury,718383.9
3855,3,3,33,Rural Outskirts,533744.33
3142,3,4,23,Downtown Luxury,1163118.0
3074,5,4,31,Suburban Area,657787.13
3849,5,3,31,Suburban Area,770525.01
1518,1,3,29,Downtown Luxury,535692.86
4099,1,2,12,Rural Outskirts,542954.66
1917,1,4,0,Rural Outskirts,288398.44
2798,5,4,33,Urban Central,862525.55
3031,5,2,14,Rural Outskirts,433336.94
2261,5,1,13,Downtown Luxury,852624.45
4484,3,4,28,Suburban Area,881371.04
907,5,4,33,Urban Central,343120.64
1959,3,1,17,Urban Central,517925.72
2569,1,4,6,Suburban Area,548208.17
3393,1,4,28,Rural Outskirts,481390.09
1491,1,1,30,Suburban Area,253562.36
974,2,1,24,Rural Outskirts,112083.69
3679,2,3,13,Suburban Area,720718.05
2633,4,2,7,Downtown Luxury,977926.6
1964,4,2,26,Rural Outskirts,276620.21
728,4,1,1,Downtown Luxury,359836.48
1614,2,1,16,Urban Central,438042.44
2399,2,4,13,Suburban Area,502265.91
3316,4,3,24,Urban Central,945174.01
4023,4,3,29,Urban Central,1115878.47
1981,5,1,28,Urban Central,557327.31
1116,4,4,19,Urban Central,418967.0
2118,5,4,20,Suburban Area,495486.02
685,3,2,21,Urban Central,243253.24
1798,2,2,34,Suburban Area,343327.37
4473,4,4,15,Suburban Area,924331.03
3864,2,2,16,Downtown Luxury,1332368.17
2958,2,1,15,Rural Outskirts,384099.85
1742,2,4,1,Rural Outskirts,280515.97
3889,3,2,3,Suburban Area,761722.96
3074,1,3,20,Downtown Luxury,1079161.45
2593,4,4,33,Suburban Area,539667.03
4085,1,4,29,Suburban Area,779401.21
2761,1,3,5,Suburban Area,569676.27
3816,1,1,16,Downtown Luxury,1258123.58
4209,2,3,24,Rural Outskirts,579156.39
4319,5,4,4,Downtown Luxury,1637892.72
902,2,1,4,Urban Central,265263.94
3391,2,2,19,Downtown Luxury,1164418.4
1187,1,2,15,Downtown Luxury,450467.39
1586,2,2,8,Downtown Luxury,589917.89
2463,1,4,4,Downtown Luxury,945608.53
944,5,3,1,Rural Outskirts,197433.16
1413,4,1,8,Urban Central,413978.54
2587,1,2,21,Rural Outskirts,343357.91
3448,5,1,21,Rural Outskirts,461358.38
3672,4,4,21,Downtown Luxury,1346356.18
3818,3,2,33,Suburban Area,719749.69
1910,1,4,28,Suburban Area,371029.76
2599,1,3,32,Rural Outskirts,338702.52
2277,3,4,17,Rural Outskirts,378836.09
3724,3,4,6,Downtown Luxury,1395818.67
1927,1,3,0,Rural Outskirts,278424.9
1692,3,1,32,Downtown Luxury,593137.99
3008,2,3,0,Suburban Area,607535.48
4273,4,3,23,Suburban Area,836895.66
3891,4,4,3,Urban Central,1129705.78
1609,4,1,3,Suburban Area,355092.96
1303,2,2,17,Rural Outskirts,208321.56
1174,3,3,26,Suburban Area,258131.93
2208,5,1,31,Downtown Luxury,764106.68
3832,3,3,32,Suburban Area,754451.6
4352,1,3,27,Urban Central,1162389.61
1712,4,3,5,Suburban Area,380219.03
1287,3,3,15,Downtown Luxury,552108.65
3428,5,4,33,Downtown Luxury,1279710.06
3232,1,1,22,Rural Outskirts,400302.3
4428,2,1,23,Suburban Area,794707.73
3236,2,1,12,Downtown Luxury,1110045.0
3830,5,3,17,Urban Central,1098348.85
1088,1,4,12,Rural Outskirts,188861.12
3618,4,3,16,Urban Central,1020194.77
1947,3,3,14,Suburban Area,414037.09
4281,1,1,17,Suburban Area,750720.32
4052,2,3,22,Suburban Area,778223.66
3773,5,2,29,Rural Outskirts,535503.92
1093,5,3,33,Downtown Luxury,477368.95
2267,3,2,3,Rural Outskirts,315253.02
2237,5,3,2,Urban Central,725191.97
618,5,4,6,Rural Outskirts,172668.96
4125,1,4,17,Urban Central,1121509.13
4153,4,1,6,Rural Outskirts,560252.83
4265,3,3,5,Downtown Luxury,1536226.84
3044,1,2,21,Urban Central,797141.41
1600,4,2,0,Suburban Area,384001.55
3950,1,3,3,Suburban Area,802646.91
1450,1,2,28,Rural Outskirts,172270.04
1988,5,4,20,Suburban Area,480597.06
1954,4,2,25,Urban Central,569271.12
4312,3,1,13,Suburban Area,831218.41
1967,3,4,8,Downtown Luxury,823120.25
1421,4,4,11,Downtown Luxury,653377.88
1054,5,4,5,Rural Outskirts,230124.28
2224,2,3,19,Urban Central,632998.13
3372,1,3,23,Downtown Luxury,1152356.38
4326,5,4,26,Downtown Luxury,1592794.36
3736,4,3,7,Urban Central,1062380.06
3747,1,2,0,Suburban Area,730168.47
1310,3,3,23,Suburban Area,298568.97
2790,2,3,6,Rural Outskirts,373146.7
1516,3,4,18,Suburban Area,352387.41
3475,4,1,21,Urban Central,936838.06
3252,1,1,34,Downtown Luxury,1029335.99
2096,4,1,29,Suburban Area,377919.21
2040,1,2,28,Rural Outskirts,282969.0
904,5,3,21,Suburban Area,253552.5
1335,2,1,10,Urban Central,383744.87
4168,5,4,19,Rural Outskirts,595928.69
2938,5,1,28,Suburban Area,579617.88
2563,4,1,33,Rural Outskirts,363435.84
2749,2,3,0,Urban Central,793127.12
2609,1,3,30,Downtown Luxury,919320.15
3938,1,3,29,Urban Central,1040838.77
3514,3,2,17,Urban Central,947334.81
3615,1,2,16,Urban Central,977848.69
4293,4,1,13,Urban Central,1157095.68
3621,5,3,22,Downtown Luxury,1339001.74
3489,5,1,24,Downtown Luxury,1215763.77
1561,5,4,14,Rural Outskirts,267770.08
3589,2,4,21,Suburban Area,718833.76
4448,1,3,2,Downtown Luxury,1574609.56
1626,4,3,18,Downtown Luxury,667828.08
2732,2,4,33,Suburban Area,547838.99
4465,3,3,34,Downtown Luxury,1552695.94
2975,4,2,0,Urban Central,863696.08
3463,4,2,20,Urban Central,962799.32
2073,4,3,28,Suburban Area,452068.21
3101,5,4,5,Rural Outskirts,476564.63
2547,4,1,0,Rural Outskirts,370840.05
3276,1,3,0,Suburban Area,663613.23
3892,4,3,26,Suburban Area,766549.02
1777,5,1,20,Urban Central,533193.18
1264,4,3,15,Rural Outskirts,211500.17
611,3,1,25,Downtown Luxury,233062.95
1756,3,4,15,Urban Central,550187.51
903,5,2,27,Suburban Area,220098.45
3964,1,4,0,Rural Outskirts,548477.97
3622,1,2,9,Downtown Luxury,1235677.51
3971,2,1,16,Downtown Luxury,1334987.91
2363,5,2,22,Urban Central,672207.91
3430,4,4,6,Rural Outskirts,487443.95
642,5,2,6,Rural Outskirts,134063.05
1543,2,1,14,Suburban Area,308474.77
2990,5,2,33,Rural Outskirts,419686.38
1949,5,3,3,Rural Outskirts,313673.25
4485,2,4,13,Urban Central,1256812.9
3145,1,3,13,Rural Outskirts,423649.08
3011,4,1,15,Downtown Luxury,1067513.45
1490,2,2,6,Urban Central,445046.56
3074,3,3,31,Urban Central,838142.68
1604,1,3,18,Suburban Area,325859.2
620,3,2,1,Rural Outskirts,136488.0
1006,1,2,9,Suburban Area,222612.3
3266,4,4,16,Downtown Luxury,1251241.23
1614,4,3,11,Urban Central,535379.83
935,5,3,5,Urban Central,367485.97
2438,3,1,21,Urban Central,680068.98
3788,1,4,31,Downtown Luxury,1316054.03
1747,4,1,19,Downtown Luxury,649964.06
3046,2,3,0,Suburban Area,621757.95
3440,4,1,5,Suburban Area,692558.14
2427,2,3,18,Suburban Area,480142.71
1314,1,3,17,Rural Outskirts,204801.95
650,4,1,5,Urban Central,222844.4
4454,4,1,32,Urban Central,1169174.5
923,1,2,22,Suburban Area,174785.4
1388,4,2,22,Urban Central,433739.93
740,2,2,25,Suburban Area,179488.09
1069,4,3,12,Rural Outskirts,205886.61
1386,3,1,6,Rural Outskirts,222088.58
2425,5,4,14,Downtown Luxury,1006510.18
1957,2,3,26,Rural Outskirts,273050.61
2516,3,4,25,Suburban Area,538059.96
1563,1,1,32,Rural Outskirts,170359.0
3655,2,3,14,Downtown Luxury,1286136.76
972,5,4,26,Urban Central,402775.86
4235,5,4,4,Suburban Area,884879.56
3141,1,2,1,Urban Central,834635.98
4210,1,2,32,Downtown Luxury,1405484.39
2292,2,2,15,Downtown Luxury,824955.0
3398,4,3,22,Downtown Luxury,1246205.74
1779,1,1,15,Urban Central,453342.37
2938,4,1,13,Urban Central,814344.68
2271,3,2,28,Urban Central,629142.9
3815,5,2,25,Urban Central,1043922.18
705,4,2,34,Downtown Luxury,304142.16
2043,5,4,14,Downtown Luxury,851286.39
3317,4,2,2,Suburban Area,674499.49
2281,3,4,22,Suburban Area,503866.16
601,1,1,28,Urban Central,137449.82
3236,3,3,33,Rural Outskirts,465903.57
3291,1,3,32,Rural Outskirts,416752.9
2737,1,3,22,Downtown Luxury,954945.9
4016,5,3,6,Downtown Luxury,1485546.84
